texto,severidad_original,riesgo,contratista
"Failure to properly store equipment, material, substance or vehicle",Minor,bajo,Contratista A
Not using the required mandatory PPE,Significant,alto,Contratista A
Failing to adopt to correct manual handling technique,Significant,alto,Contratista A
Damaged of defective physical barrier (e.g. fence or gate),Significant,alto,Contratista A
Elimination of hazard only effective under certain parameters (e.g. routine operation),Significant,alto,Contratista B
Failing to properly dispose of waste (e.g. waste accumulating),Significant,alto,Contratista B
Positive Observation,None,bajo,Contratista A
Failing to properly dispose of waste (e.g. waste accumulating),Minor,bajo,Contratista A
"Failure to maintain or clean wellfare facilities (e.g. toilets, canteens, break area)",Minor,bajo,Contratista A
Physical barrier missing or not installed,Major,alto,Contratista A
Positive Observation,None,bajo,Contratista A
Failing to properly dispose of waste (e.g. waste accumulating),Significant,alto,Contratista A
Failing to adhere to training or instruction provided,Major,alto,Contratista A
Failing to comply with permit conditions,Major,alto,Contratista A
Failing to use PPE correctly,Major,alto,Contratista A
Failing to comply with permit conditions,Major,alto,Contratista A
Failing to adhere to training or instruction provided,Significant,alto,Contratista A
Incomplete elimination of hazard,Significant,alto,Contratista B
Failing to use PPE correctly,Major,alto,Contratista A
Physical barrier missing or not installed,Significant,alto,Contratista A
Inadaquate installation of warning signage,Minor,bajo,Contratista A
Inadaquate installation of warning signage,Minor,bajo,Contratista B
Failing to properly dispose of waste (e.g. waste accumulating),Minor,bajo,Contratista B
Failing to adhere to training or instruction provided,Significant,alto,Contratista B
Incomplete elimination of hazard,Minor,bajo,Contratista A
Positive Observation,None,bajo,Contratista A
Failing to adopt to correct manual handling technique,Significant,alto,Contratista D
Physical barrier missing or not installed,Major,alto,Contratista A
Performing activity without prior training or authorization,Major,alto,Contratista A
"Failure to properly clean up spillage (e.g. water, chemical spills)",Major,alto,Contratista A
Performing activity without prior training or authorization,Significant,alto,Contratista A
Failing to adhere to training or instruction provided,Minor,bajo,Contratista A
Introduction of unidentified hazards,Significant,alto,Contratista B
Incomplete elimination of hazard,Significant,alto,Contratista B
Failing to adopt to correct manual handling technique,Significant,alto,Contratista A
Physical barrier missing or not installed,Significant,alto,Contratista A
Failing to properly dispose of waste (e.g. waste accumulating),Minor,bajo,Contratista A
Failing to adhere to training or instruction provided,Significant,alto,Contratista B
Failing to adhere to training or instruction provided,Significant,alto,Contratista B
Failing to adhere to training or instruction provided,Minor,bajo,Contratista B
"Incorrect storage of machinery, equipment or vehicle creating obstruction (e.g. MEWP, PIT etc.)",Negligible,bajo,Contratista B
"Incorrect storage of machinery, equipment or vehicle creating obstruction (e.g. MEWP, PIT etc.)",Minor,bajo,Contratista A
Not using the required mandatory PPE,Minor,bajo,Contratista A
Inadaquate installation of warning signage,Minor,bajo,Contratista A
Physical barrier missing or not installed,Minor,bajo,Contratista A
Physical barrier missing or not installed,Minor,bajo,Contratista A
Failing to properly dispose of waste (e.g. waste accumulating),Minor,bajo,Contratista A
Incomplete elimination of hazard,Significant,alto,Contratista A
Failure to prevent chemical leaks,Significant,alto,Contratista A
Physical barrier missing or not installed,Minor,bajo,Contratista B
Physical barrier missing or not installed,Major,alto,Contratista A
Failing to adhere to training or instruction provided,Minor,bajo,Contratista A
Incomplete elimination of hazard,Minor,bajo,Contratista A
Failing to properly dispose of waste (e.g. waste accumulating),Minor,bajo,Contratista A
Inadaquate installation of warning signage,Minor,bajo,Contratista A
Not using the required mandatory PPE,Minor,bajo,Contratista A
Performing activity without prior training or authorization,Significant,alto,Contratista A
Failing to properly dispose of waste (e.g. waste accumulating),Negligible,bajo,Contratista A
Not using the required mandatory PPE,Significant,alto,Contratista A
Inadaquate installation of warning signage,Minor,bajo,Contratista A
Not using the required mandatory PPE,Minor,bajo,Contratista C
Incomplete elimination of hazard,Significant,alto,Contratista C
Failing to use PPE correctly,Significant,alto,Contratista A
Failing to properly dispose of waste (e.g. waste accumulating),Minor,bajo,Contratista A
Incomplete elimination of hazard,Minor,bajo,Contratista A
Physical barrier missing or not installed,Negligible,bajo,Contratista A
Incomplete elimination of hazard,Minor,bajo,Contratista A
Failing to adopt to correct manual handling technique,Significant,alto,Contratista C
Failing to adhere to training or instruction provided,Significant,alto,Contratista A
Failing to adhere to training or instruction provided,Significant,alto,Contratista C
Failing to comply with permit conditions,Significant,alto,Contratista A
Failing to comply with permit conditions,Minor,bajo,Contratista A
Lack of resource to fully eliminate hazard,Major,alto,Contratista A
Not using the required mandatory PPE,Minor,bajo,Contratista A
Incomplete elimination of hazard,Significant,alto,Contratista C
Failing to adhere to training or instruction provided,Minor,bajo,Contratista C
Failing to properly dispose of waste (e.g. waste accumulating),Minor,bajo,Contratista A
Failing to properly dispose of waste (e.g. waste accumulating),Minor,bajo,Contratista B
Introduction of unidentified hazards,Major,alto,Contratista A
Performing activity without prior training or authorization,Significant,alto,Contratista A
Failing to adhere to training or instruction provided,Minor,bajo,Contratista B
Incomplete elimination of hazard,Significant,alto,Contratista A
"Failure to properly store equipment, material, substance or vehicle",Minor,bajo,Contratista C
"Presence of slippery, uneven or unstable floor surfaces on pedestrian walkways or stairways",Significant,alto,Contratista B
Accessing area without prior training or authorization,Significant,alto,Contratista B
Lack of resource to fully eliminate hazard,Minor,bajo,Contratista B
Introduction of unidentified hazards,Significant,alto,Contratista B
"Failure to properly store equipment, material, substance or vehicle",Minor,bajo,Contratista C
"Failure to properly store equipment, material, substance or vehicle",Minor,bajo,Contratista B
Failing to use PPE correctly,Significant,alto,Contratista B
Failing to properly dispose of waste (e.g. waste accumulating),Negligible,bajo,Contratista C
Not using the required mandatory PPE,Minor,bajo,Contratista A
Not using the required mandatory PPE,Minor,bajo,Contratista B
"Failure to properly store equipment, material, substance or vehicle",Minor,bajo,Contratista B
Incomplete elimination of hazard,Negligible,bajo,Contratista E
Physical barrier missing or not installed,Significant,alto,Contratista A
Failing to use PPE correctly,Major,alto,Contratista A
Performing activity without prior training or authorization,Minor,bajo,Contratista B
Failing to properly dispose of waste (e.g. waste accumulating),Minor,bajo,Contratista A
Positive Observation,None,bajo,Contratista A
"Incorrect segregation of damaged or defective equipment, machinary or vehicle",Minor,bajo,Contratista A
Positive Observation,None,bajo,Contratista A
Not using the required mandatory PPE,Minor,bajo,Contratista C
Positive Observation,None,bajo,Contratista A
"Presence of slippery, uneven or unstable floor surfaces on pedestrian walkways or stairways",Significant,alto,Contratista C
